csd_identifier,LightGBM_Probability
QEYWUN_clean,0.99
IYEQUA_clean,0.99
CUYQIX_clean,0.99
UQULAU_clean,0.99
MURCAD_clean,0.99
UZAFIL_clean,0.98
WUZDOL_clean,0.98
ac403674p_si_001_clean,0.98
MIHHOA_clean,0.98
IJODES_clean,0.98
CUMDIY_clean,0.98
WASNIO_clean,0.98
CAYDUD_clean,0.98
KEHGOV_manual,0.97
EDIKEH_clean,0.97
WUFSAT_clean,0.97
XOLYUS_clean,0.97
ADABIS_clean,0.97
ZOZCIC_clean,0.97
DAGDIZ_clean,0.96
EPEWEC_clean,0.96
EPEWAY_clean,0.96
AQODOA_clean,0.96
IXEQIL_clean,0.95
COWMAD_clean,0.95
MEJZOS_clean,0.95
MEJZEI_clean,0.95
MEJZIM_clean,0.95
WAGLEY_clean,0.95
TAXHUX_clean,0.95
WALBOC02_clean,0.95
XUCNOZ_clean,0.95
RAXDAX_clean,0.95
MULXOH_clean,0.95
OHAZAZ_clean,0.95
AMUFOF_clean,0.94
NAGBUU_clean,0.94
DIYKAZ_clean,0.94
AQUDEX_clean,0.94
JUFBIX_clean,0.94
QOQDAD_clean,0.94
AHINIP_clean,0.94
HAKTOF_clean,0.93
WALBOC01_clean,0.93
AMUFEV_clean,0.93
AMUFAR_clean,0.93
PEXBIF01_clean,0.93
RICHIV_clean,0.93
CUIMDZ01_clean_h,0.93
TETWOG_clean,0.93
OQEPUW_clean,0.92
MIHHUG_clean,0.92
UTOTUT01_clean,0.92
IYIGEC_clean,0.92
TETWUM_clean,0.92
UKOZOK_clean,0.92
IBICIH_clean,0.92
DAMZEZ_clean,0.92
XALVOY_clean,0.91
EQEROJ_clean,0.91
LABGAY_clean,0.91
ISIMAZ_clean,0.91
OVIZID_clean,0.91
EBISEQ_clean,0.91
HOFMAS_clean,0.91
FIFMIS01_clean,0.9
LATPIG_clean,0.9
HOJHUL_clean,0.89
ABIYIV_clean,0.89
KIYBIF_clean,0.89
TISWEZ_clean,0.89
EJIDUW01_clean,0.89
AQUDAT_clean,0.89
GITZAM_clean,0.89
ILOJEZ_clean,0.89
ESASEY_clean,0.89
ZETQIA_clean,0.89
TOHYUL_clean,0.88
SOCNAB_clean,0.88
BAEDTA01_clean,0.88
COWMUX_clean,0.88
MOXKAN_clean,0.88
HEGNUD_clean,0.87
YIJYUN_clean,0.87
AYAWEE_clean,0.87
CAYDEN_clean,0.87
IYASOS_clean,0.87
OPOBIF_clean,0.87
HUTTIA_clean,0.87
ZIYQAB_clean,0.87
BIBBUL_clean,0.87
WAHFUJ01_clean,0.86
BURJOO_clean,0.86
ILOJOJ_clean,0.86
YUMYUC_clean,0.86
GEVKID_clean,0.86
UHIYOB_clean,0.86
HUSQES_clean,0.85
MIXPIU_clean,0.85
FAMHAE01_clean,0.85
GAXQIH_clean,0.85
GASSUR_clean,0.85
KOBPIB_clean,0.85
EMOFIX_clean,0.84
DOKHOB_clean,0.84
TUTZUD_clean,0.84
WEFDIW_clean,0.84
XOVPIH_clean,0.84
VIPXUO_clean,0.84
EJONOH_clean,0.84
CIZLEE_clean,0.84
WALCET_clean,0.84
TISGUY_clean,0.83
LIHRIE_clean,0.83
OVIZUP_clean,0.83
ORULEU_clean,0.83
TORXIJ_clean,0.83
XAXQEU_SL,0.83
GEPDEM_clean,0.82
EMOHIZ_clean,0.82
GIRGUL_clean,0.82
AWAJIT_clean,0.82
NORBUT_clean,0.82
FUWXOL_SL,0.82
SEYFEI_clean,0.81
JUQVAU_clean,0.81
VEYVEC_clean,0.81
PEGQUP_clean,0.81
PEGQID_clean,0.8
AGARUW_clean,0.8
DORYUG_clean,0.8
NANZOS_clean,0.8
QOXNIB_clean,0.79
CAKFEB01_clean,0.79
ADABUE_clean,0.79
ANAWIX_clean,0.78
HEZSEK_clean,0.78
JUQTOG_clean,0.78
VUNXUY_clean,0.78
SUJRIZ_clean,0.78
BUGSAY_clean,0.78
KUQWIE_clean,0.78
DEJJIN_clean,0.78
CEJVET_clean,0.77
FEFDAX_clean,0.77
AMUFIZ_clean,0.77
OGECOU_clean,0.77
XEHFUL_clean,0.77
REGMUN_clean,0.77
GIKMOD_clean,0.77
ULUVUT_clean,0.77
HOWSIX_clean,0.77
DIYWIT_clean,0.77
VAJQOP_clean,0.77
SURDOA_clean,0.76
ZIDDIB_clean,0.76
JUFREJ_clean,0.76
OPENIH_clean,0.76
XADFEP_clean,0.76
HIFWAV_clean,0.76
YUWKEH_clean,0.75
OSURAX_clean,0.75
CAKFEB_clean,0.75
CAJLEH_clean,0.75
GIXMUX_clean,0.75
IGUCIY_clean,0.75
SOKWUM_clean,0.75
LUMZEA_clean,0.75
DILXED_clean,0.75
HOWSAP_clean,0.74
IVARUT_clean,0.74
QUHMOX_clean,0.74
MAJHOW_clean,0.74
BONWAD_clean,0.74
AQUDOH_clean,0.74
NUVYOT_clean,0.74
XIMPOA_clean,0.74
YICTUZ_clean,0.74
WIKYAQ_clean,0.74
XOTXUB_clean,0.73
WEMCOI_clean,0.73
ELAZEX_clean,0.73
LUJBAV_clean,0.73
EXOTOB_clean,0.73
XOVXEM_clean,0.72
XAGCUE_clean,0.72
LABKIL_clean,0.72
KEFFEI01_clean,0.72
KEFFEI_clean,0.72
PEGQAV_clean,0.72
SIBMIB_clean,0.72
TUTZOX_clean,0.72
REYCOP_clean,0.72
IQABEJ_clean,0.72
CAVREY_clean,0.72
EPEYAB_clean,0.72
YUYBIF_clean,0.72
GAJZEY_clean,0.71
RUVBOB_clean,0.71
RORRIB_clean,0.71
OPIYAP_clean,0.71
CAKXOD_clean,0.71
DUYVEA_clean,0.71
GAJZAU_clean,0.71
EJIDUW02_clean,0.71
AWIBAL_clean,0.71
EBIPIQ_clean,0.71
LETDUK_clean,0.71
LUFCAS_clean,0.7
ENESUN_clean,0.7
ARUJED_clean,0.7
KADLOT_clean,0.7
PUNFIO_clean,0.7
XAJGOH_clean,0.7
AMIWOJ_clean,0.7
UKAJOH_clean,0.7
SEYFAE_clean,0.7
NEVJEF_clean,0.7
UBACOR_clean,0.7
MAFZOK_clean,0.7
TODVOZ_clean,0.7
VUCDEE_clean,0.69
CAKYAQ_clean,0.69
VORBUA_clean,0.69
TIKMEH_clean,0.69
HOWQEQ_clean,0.69
DIYTEM_clean,0.69
GAJYUN_clean,0.69
DOHNUL_clean,0.69
QUVFET_clean,0.69
AYUPOZ_clean,0.69
HUFYIS_clean,0.69
OVIZOJ_clean,0.68
GIRYOX_clean,0.68
WOXKOL_clean,0.68
KIPJIE_clean,0.68
KIPKEB_clean,0.68
VUCCUT_clean,0.68
QITDEE_clean,0.68
YAYLER_clean,0.68
UMORIY_clean,0.67
PEGPUO_clean,0.67
RUYVAK_clean,0.67
RAHMAP_clean,0.67
ROGSAI_clean,0.67
INAMUG_clean,0.67
KIPJOK_clean,0.67
YUPSIM_clean,0.67
LEMVOP_clean,0.67
FAWCEN01_SL,0.66
AKUKUO_clean,0.66
KIRKAZ_clean,0.66
IYAHEX_clean,0.66
QITDOO_clean,0.66
TUKCUZ_clean,0.66
YOTSAD_clean,0.66
KOLWEO_clean,0.66
ECUTON_clean,0.66
PEVFON_clean,0.66
KETSEI_clean,0.66
AFOQUI_clean,0.65
JEXSOV_clean,0.65
VUNCAJ_clean,0.65
FAVGER_clean,0.65
GIRYIR_clean,0.65
GIRYEN_clean,0.65
MAKGEN_clean,0.65
PEXBIF_clean,0.65
QITMOW_clean,0.65
CAYKEU_clean,0.65
LEVYOC_clean,0.64
KOXGAH_clean,0.64
ASINAT_clean,0.64
KUNWEW_clean,0.64
IPOWOA_clean,0.64
GUHGOH_clean,0.64
JUJZEV_clean,0.64
PASNEE_clean,0.64
SIWSUO_clean,0.64
WOVDES_clean,0.63
SINZIA_clean,0.63
TOJVIZ_clean,0.63
CAXPIC_clean,0.63
YOPPAW_clean,0.63
GIRYUD_clean,0.63
KIVFEC_clean,0.63
FODCEI_clean,0.63
YAZYIJ_clean,0.63
AMIXAW_clean,0.63
YAYLIV_clean,0.63
FAMHAE_clean,0.62
HICZEA_clean,0.62
DUMXIU_clean,0.62
YOTRUW_clean,0.62
XOVVIO_clean,0.62
PAMVEG_clean,0.62
VIPYOK_clean,0.61
QUPDEL01_clean,0.61
ACOGEF_clean,0.61
GIGWID01_clean,0.61
MUJRIT_clean,0.61
ORUKOD_clean,0.61
YORZAH_clean,0.61
JUJZIZ_clean,0.61
PASMUT_clean,0.61
HUQHIM_clean,0.61
TADCAE_clean,0.61
BENXUP_clean,0.61
HUHJAW_clean,0.61
PACZUQ_clean,0.6
MITGOL_clean,0.6
QOVWOO01_clean,0.6
PELNEA01_clean,0.6
XADFAL_clean,0.6
XEHFUL01_clean,0.6
ASAHEJ_clean,0.6
CODQOD_clean,0.6
MUPYUS_clean,0.59
YIVZIO_clean,0.59
XOVPON_clean,0.59
QIQTAN_clean,0.59
LIFWOO_clean,0.59
MAXHEA_clean,0.59
MAXHIE_clean,0.59
LAXGOH03_clean,0.59
YURKEC_clean,0.59
GAFBEX_clean,0.59
UGUHAG_clean,0.59
YOPQEB_clean,0.59
OWIJEL_clean,0.59
KAVTEI_clean,0.58
OWIHIN_clean,0.58
OWIJIP_clean,0.58
OCUGEZ01_clean,0.58
OCUGEZ_clean,0.58
XAKVIP_clean,0.58
OQOXAV_clean,0.58
TULNIZ_clean,0.58
ANAWOD_clean,0.58
c5ce00862j_c5ce00862j2_clean,0.58
FAVGAN_clean,0.58
SUVZOA_clean,0.58
DANVAQ_clean,0.58
EZOBUR02_clean,0.58
ZIMJOW_clean,0.58
TISNEQ_clean,0.58
GAPNOD_clean,0.57
AHEBAS_clean,0.57
NEPWIQ_clean,0.57
COWMOR_clean,0.57
OBEPER_clean,0.57
QOHYET_clean,0.57
AJOXAA_clean,0.57
MEWNEH_clean,0.57
OXAZIX_clean,0.56
PASNAA01_clean,0.56
ECASOS_clean,0.56
GAMTOE_clean,0.56
JUCXEK_clean,0.56
TIVFAG_clean,0.56
TEBFUD_clean,0.56
IHUTIQ_clean,0.56
BETHIT_clean,0.56
MUVNAT_clean,0.56
NUWBOX_clean,0.56
FEFCUQ_clean,0.56
TIVFEK_clean,0.56
TETVIZ_clean,0.56
YOPMAS_clean,0.55
CODKOX_clean,0.55
FORPIM_clean,0.55
TIVFIO_clean,0.55
TONMEQ_clean,0.55
SAJLEX_clean,0.55
QOQWOK01_clean,0.55
QOVWOO_SL,0.55
JUSHIQ_clean,0.55
LASWIN_clean,0.54
SARMII_clean,0.54
IHIWIF_clean,0.54
DEPYAZ_clean,0.54
FORPOS_clean,0.54
PAFMUH_clean,0.54
OXAMIK_clean,0.54
FORQEJ_clean,0.54
IWOSAP_clean,0.53
FORPUY_clean,0.53
YOQLAT_clean,0.53
YOQYOT_clean,0.53
QUPDEL_clean,0.53
SARNOQ_clean,0.53
WEFZIS_clean,0.53
AJOVEB_clean,0.53
LOFVIN_clean,0.53
SUVZUG_clean,0.52
MIHLUL_clean,0.52
GITTUZ_clean,0.52
UVUQAE_clean,0.52
ACOGAB_clean,0.52
ACOLIP_clean,0.52
DUKMON_clean,0.52
SAJKUM_clean,0.52
WEMHED_clean,0.52
UKUBIM_clean,0.52
YARKAF_clean,0.52
YUDFIO_clean,0.51
ZOXGUQ_clean,0.51
DANVEU_clean,0.51
NARNIG_clean,0.51
DUQYEU_clean,0.51
XAWZOM_clean,0.51
WEBQIF_clean,0.51
WEMFAX_clean,0.51
PAQMEB_clean,0.51
QUFKIN_clean,0.51
LUMDEC_clean,0.5
AWEGEP_clean,0.5
NIJSAC_clean,0.5
XOVVEK_clean,0.5
